id,headword,headword_script,stem,citation_form,pos,core_meaning,senses,forms,derivations,examples,related,tags
E0001,,,,,,,,,,,,
E0002,,,,,,,,,,,,
E0003,,,,,,,,,,,,
E0004,,,,,,,,,,,,
E0005,,,,,,,,,,,,
E0006,,,,,,,,,,,,
E0007,,,,,,,,,,,,
E0008,,,,,,,,,,,,
E0009,,,,,,,,,,,,
E0010,,,,,,,,,,,,
E0011,,,,,,,,,,,,
E0012,,,,,,,,,,,,
E0013,,,,,,,,,,,,
E0014,,,,,,,,,,,,
E0015,,,,,,,,,,,,
E0016,,,,,,,,,,,,
E0017,,,,,,,,,,,,
E0018,,,,,,,,,,,,
E0019,,,,,,,,,,,,
E0020,,,,,,,,,,,,
E0021,,,,,,,,,,,,
E0022,,,,,,,,,,,,
E0023,,,,,,,,,,,,
E0024,,,,,,,,,,,,
E0025,,,,,,,,,,,,
E0026,,,,,,,,,,,,
E0027,,,,,,,,,,,,
E0028,,,,,,,,,,,,
E0029,,,,,,,,,,,,
E0030,,,,,,,,,,,,
E0031,,,,,,,,,,,,
E0032,,,,,,,,,,,,
E0033,,,,,,,,,,,,
E0034,,,,,,,,,,,,
E0035,,,,,,,,,,,,
E0036,,,,,,,,,,,,
E0037,,,,,,,,,,,,
E0038,,,,,,,,,,,,
E0039,,,,,,,,,,,,
E0040,,,,,,,,,,,,
E0041,,,,,,,,,,,,
E0042,,,,,,,,,,,,
E0043,,,,,,,,,,,,
E0044,,,,,,,,,,,,
E0045,,,,,,,,,,,,
E0046,,,,,,,,,,,,
E0047,,,,,,,,,,,,
E0048,,,,,,,,,,,,
E0049,,,,,,,,,,,,
E0050,,,,,,,,,,,,
E0051,,,,,,,,,,,,
E0052,,,,,,,,,,,,
E0053,,,,,,,,,,,,
E0054,,,,,,,,,,,,
E0055,,,,,,,,,,,,
E0056,,,,,,,,,,,,
E0057,,,,,,,,,,,,
E0058,,,,,,,,,,,,
E0059,,,,,,,,,,,,
E0060,,,,,,,,,,,,
E0061,,,,,,,,,,,,
E0062,,,,,,,,,,,,
E0063,,,,,,,,,,,,
E0064,,,,,,,,,,,,
E0065,,,,,,,,,,,,
E0066,,,,,,,,,,,,
E0067,,,,,,,,,,,,
E0068,,,,,,,,,,,,
E0069,,,,,,,,,,,,
E0070,,,,,,,,,,,,
E0071,,,,,,,,,,,,
E0072,,,,,,,,,,,,
E0073,,,,,,,,,,,,
E0074,,,,,,,,,,,,
E0075,,,,,,,,,,,,
E0076,,,,,,,,,,,,
E0077,,,,,,,,,,,,
E0078,,,,,,,,,,,,
E0079,,,,,,,,,,,,
E0080,,,,,,,,,,,,
E0081,,,,,,,,,,,,
E0082,,,,,,,,,,,,
E0083,,,,,,,,,,,,
E0084,,,,,,,,,,,,
E0085,,,,,,,,,,,,
E0086,,,,,,,,,,,,
E0087,,,,,,,,,,,,
E0088,,,,,,,,,,,,
E0089,,,,,,,,,,,,
E0090,,,,,,,,,,,,
E0091,,,,,,,,,,,,
E0092,,,,,,,,,,,,
E0093,,,,,,,,,,,,
E0094,,,,,,,,,,,,
E0095,,,,,,,,,,,,
E0096,,,,,,,,,,,,
E0097,,,,,,,,,,,,
E0098,,,,,,,,,,,,
E0099,,,,,,,,,,,,
E0100,,,,,,,,,,,,
E0101,,,,,,,,,,,,
E0102,,,,,,,,,,,,
E0103,,,,,,,,,,,,
E0104,,,,,,,,,,,,
E0105,,,,,,,,,,,,
E0106,,,,,,,,,,,,
E0107,,,,,,,,,,,,
E0108,,,,,,,,,,,,
E0109,,,,,,,,,,,,
E0110,,,,,,,,,,,,
E0111,,,,,,,,,,,,
E0112,,,,,,,,,,,,
E0113,,,,,,,,,,,,
E0114,,,,,,,,,,,,
E0115,,,,,,,,,,,,
E0116,,,,,,,,,,,,
E0117,,,,,,,,,,,,
E0118,,,,,,,,,,,,
E0119,,,,,,,,,,,,
E0120,,,,,,,,,,,,
E0121,,,,,,,,,,,,
E0122,,,,,,,,,,,,
E0123,,,,,,,,,,,,
E0124,,,,,,,,,,,,
E0125,,,,,,,,,,,,
E0126,,,,,,,,,,,,
E0127,,,,,,,,,,,,
E0128,,,,,,,,,,,,
E0129,,,,,,,,,,,,
E0130,,,,,,,,,,,,
E0131,,,,,,,,,,,,
E0132,,,,,,,,,,,,
E0133,,,,,,,,,,,,
E0134,,,,,,,,,,,,
E0135,,,,,,,,,,,,
E0136,,,,,,,,,,,,
E0137,,,,,,,,,,,,
E0138,,,,,,,,,,,,
E0139,,,,,,,,,,,,
E0140,,,,,,,,,,,,
E0141,,,,,,,,,,,,
E0142,,,,,,,,,,,,
E0143,,,,,,,,,,,,
E0144,,,,,,,,,,,,
E0145,,,,,,,,,,,,
E0146,,,,,,,,,,,,
E0147,,,,,,,,,,,,
E0148,,,,,,,,,,,,
E0149,,,,,,,,,,,,
E0150,,,,,,,,,,,,
E0151,,,,,,,,,,,,
E0152,,,,,,,,,,,,
E0153,,,,,,,,,,,,
E0154,,,,,,,,,,,,
E0155,,,,,,,,,,,,
E0156,,,,,,,,,,,,
E0157,,,,,,,,,,,,
E0158,,,,,,,,,,,,
E0159,,,,,,,,,,,,
E0160,,,,,,,,,,,,
E0161,,,,,,,,,,,,
E0162,,,,,,,,,,,,
E0163,,,,,,,,,,,,
E0164,,,,,,,,,,,,
E0165,,,,,,,,,,,,
E0166,,,,,,,,,,,,
E0167,,,,,,,,,,,,
E0168,,,,,,,,,,,,
E0169,,,,,,,,,,,,
E0170,,,,,,,,,,,,
E0171,,,,,,,,,,,,
E0172,,,,,,,,,,,,
E0173,,,,,,,,,,,,
E0174,,,,,,,,,,,,
E0175,,,,,,,,,,,,
E0176,,,,,,,,,,,,
E0177,,,,,,,,,,,,
E0178,,,,,,,,,,,,
E0179,,,,,,,,,,,,
E0180,,,,,,,,,,,,
E0181,,,,,,,,,,,,
E0182,,,,,,,,,,,,
E0183,,,,,,,,,,,,
E0184,,,,,,,,,,,,
E0185,,,,,,,,,,,,
E0186,,,,,,,,,,,,
E0187,,,,,,,,,,,,
E0188,,,,,,,,,,,,
E0189,,,,,,,,,,,,
E0190,,,,,,,,,,,,
E0191,,,,,,,,,,,,
E0192,,,,,,,,,,,,
E0193,,,,,,,,,,,,
E0194,,,,,,,,,,,,
E0195,,,,,,,,,,,,
E0196,,,,,,,,,,,,
E0197,,,,,,,,,,,,
E0198,,,,,,,,,,,,
E0199,,,,,,,,,,,,
E0200,,,,,,,,,,,,
E0201,,,,,,,,,,,,
E0202,,,,,,,,,,,,
E0203,,,,,,,,,,,,
E0204,,,,,,,,,,,,
E0205,,,,,,,,,,,,
E0206,,,,,,,,,,,,
E0207,,,,,,,,,,,,
E0208,,,,,,,,,,,,
E0209,,,,,,,,,,,,
E0210,,,,,,,,,,,,
E0211,,,,,,,,,,,,
E0212,,,,,,,,,,,,
E0213,,,,,,,,,,,,
E0214,,,,,,,,,,,,
E0215,,,,,,,,,,,,
E0216,,,,,,,,,,,,
E0217,,,,,,,,,,,,
E0218,,,,,,,,,,,,
E0219,,,,,,,,,,,,
E0220,,,,,,,,,,,,
E0221,,,,,,,,,,,,
E0222,,,,,,,,,,,,
E0223,,,,,,,,,,,,
E0224,,,,,,,,,,,,
E0225,,,,,,,,,,,,
E0226,,,,,,,,,,,,
E0227,,,,,,,,,,,,
E0228,,,,,,,,,,,,
E0229,,,,,,,,,,,,
E0230,,,,,,,,,,,,
E0231,,,,,,,,,,,,
E0232,,,,,,,,,,,,
E0233,,,,,,,,,,,,
E0234,,,,,,,,,,,,
E0235,,,,,,,,,,,,
E0236,,,,,,,,,,,,
E0237,,,,,,,,,,,,
E0238,,,,,,,,,,,,
E0239,,,,,,,,,,,,
E0240,,,,,,,,,,,,
E0241,,,,,,,,,,,,
E0242,,,,,,,,,,,,
E0243,,,,,,,,,,,,
E0244,,,,,,,,,,,,
E0245,,,,,,,,,,,,
E0246,,,,,,,,,,,,
E0247,,,,,,,,,,,,
E0248,,,,,,,,,,,,
E0249,,,,,,,,,,,,
E0250,,,,,,,,,,,,
E0251,,,,,,,,,,,,
E0252,,,,,,,,,,,,
E0253,,,,,,,,,,,,
E0254,,,,,,,,,,,,
E0255,,,,,,,,,,,,
E0256,,,,,,,,,,,,
E0257,,,,,,,,,,,,
E0258,,,,,,,,,,,,
E0259,,,,,,,,,,,,
E0260,,,,,,,,,,,,
E0261,,,,,,,,,,,,
E0262,,,,,,,,,,,,
E0263,,,,,,,,,,,,
E0264,,,,,,,,,,,,
E0265,,,,,,,,,,,,
E0266,,,,,,,,,,,,
E0267,,,,,,,,,,,,
E0268,,,,,,,,,,,,
E0269,,,,,,,,,,,,
E0270,,,,,,,,,,,,
E0271,,,,,,,,,,,,
E0272,,,,,,,,,,,,
E0273,,,,,,,,,,,,
E0274,,,,,,,,,,,,
E0275,,,,,,,,,,,,
E0276,,,,,,,,,,,,
E0277,,,,,,,,,,,,
E0278,,,,,,,,,,,,
E0279,,,,,,,,,,,,
E0280,,,,,,,,,,,,
E0281,,,,,,,,,,,,
E0282,,,,,,,,,,,,
E0283,,,,,,,,,,,,
E0284,,,,,,,,,,,,
E0285,,,,,,,,,,,,
E0286,,,,,,,,,,,,
E0287,,,,,,,,,,,,
E0288,,,,,,,,,,,,
E0289,,,,,,,,,,,,
E0290,,,,,,,,,,,,
E0291,,,,,,,,,,,,
E0292,,,,,,,,,,,,
E0293,,,,,,,,,,,,
E0294,,,,,,,,,,,,
E0295,,,,,,,,,,,,
E0296,,,,,,,,,,,,
E0297,,,,,,,,,,,,
E0298,,,,,,,,,,,,
E0299,,,,,,,,,,,,
E0300,,,,,,,,,,,,
E0301,,,,,,,,,,,,
E0302,,,,,,,,,,,,
E0303,,,,,,,,,,,,
E0304,,,,,,,,,,,,
E0305,,,,,,,,,,,,
E0306,,,,,,,,,,,,
E0307,,,,,,,,,,,,
E0308,,,,,,,,,,,,
E0309,,,,,,,,,,,,
E0310,,,,,,,,,,,,
E0311,,,,,,,,,,,,
E0312,,,,,,,,,,,,
E0313,,,,,,,,,,,,
E0314,,,,,,,,,,,,
E0315,,,,,,,,,,,,
E0316,,,,,,,,,,,,
E0317,,,,,,,,,,,,
E0318,,,,,,,,,,,,
E0319,,,,,,,,,,,,
E0320,,,,,,,,,,,,
E0321,,,,,,,,,,,,
E0322,,,,,,,,,,,,
E0323,,,,,,,,,,,,
E0324,,,,,,,,,,,,
E0325,,,,,,,,,,,,
E0326,,,,,,,,,,,,
E0327,,,,,,,,,,,,
E0328,,,,,,,,,,,,
E0329,,,,,,,,,,,,
E0330,,,,,,,,,,,,
E0331,,,,,,,,,,,,
E0332,,,,,,,,,,,,
E0333,,,,,,,,,,,,
E0334,,,,,,,,,,,,
E0335,,,,,,,,,,,,
E0336,,,,,,,,,,,,
E0337,,,,,,,,,,,,
E0338,,,,,,,,,,,,
E0339,,,,,,,,,,,,
E0340,,,,,,,,,,,,
E0341,,,,,,,,,,,,
E0342,,,,,,,,,,,,
E0343,,,,,,,,,,,,
E0344,,,,,,,,,,,,
E0345,,,,,,,,,,,,
E0346,,,,,,,,,,,,
E0347,,,,,,,,,,,,
E0348,,,,,,,,,,,,
E0349,,,,,,,,,,,,
E0350,,,,,,,,,,,,
E0351,,,,,,,,,,,,
E0352,,,,,,,,,,,,
E0353,,,,,,,,,,,,
E0354,,,,,,,,,,,,
E0355,,,,,,,,,,,,
E0356,,,,,,,,,,,,
E0357,,,,,,,,,,,,
E0358,,,,,,,,,,,,
E0359,,,,,,,,,,,,
E0360,,,,,,,,,,,,
E0361,,,,,,,,,,,,
E0362,,,,,,,,,,,,
E0363,,,,,,,,,,,,
E0364,,,,,,,,,,,,
E0365,,,,,,,,,,,,
E0366,,,,,,,,,,,,
E0367,,,,,,,,,,,,
E0368,,,,,,,,,,,,
E0369,,,,,,,,,,,,
E0370,,,,,,,,,,,,
E0371,,,,,,,,,,,,
E0372,,,,,,,,,,,,
E0373,,,,,,,,,,,,
E0374,,,,,,,,,,,,
E0375,,,,,,,,,,,,
E0376,,,,,,,,,,,,
E0377,,,,,,,,,,,,
E0378,,,,,,,,,,,,
E0379,,,,,,,,,,,,
E0380,,,,,,,,,,,,
E0381,,,,,,,,,,,,
E0382,,,,,,,,,,,,
E0383,,,,,,,,,,,,
E0384,,,,,,,,,,,,
E0385,,,,,,,,,,,,
E0386,,,,,,,,,,,,
E0387,,,,,,,,,,,,
E0388,,,,,,,,,,,,
E0389,,,,,,,,,,,,
E0390,,,,,,,,,,,,
E0391,,,,,,,,,,,,
E0392,,,,,,,,,,,,
E0393,,,,,,,,,,,,
E0394,,,,,,,,,,,,
E0395,,,,,,,,,,,,
E0396,,,,,,,,,,,,
E0397,,,,,,,,,,,,
E0398,,,,,,,,,,,,
E0399,,,,,,,,,,,,
E0400,,,,,,,,,,,,
E0401,,,,,,,,,,,,
E0402,,,,,,,,,,,,
E0403,,,,,,,,,,,,
E0404,,,,,,,,,,,,
E0405,,,,,,,,,,,,
E0406,,,,,,,,,,,,
E0407,,,,,,,,,,,,
E0408,,,,,,,,,,,,
E0409,,,,,,,,,,,,
E0410,,,,,,,,,,,,
E0411,,,,,,,,,,,,
E0412,,,,,,,,,,,,
E0413,,,,,,,,,,,,
E0414,,,,,,,,,,,,
E0415,,,,,,,,,,,,
E0416,,,,,,,,,,,,
E0417,,,,,,,,,,,,
E0418,,,,,,,,,,,,
E0419,,,,,,,,,,,,
E0420,,,,,,,,,,,,
E0421,,,,,,,,,,,,
E0422,,,,,,,,,,,,
E0423,,,,,,,,,,,,
E0424,,,,,,,,,,,,
E0425,,,,,,,,,,,,
E0426,,,,,,,,,,,,
E0427,,,,,,,,,,,,
E0428,,,,,,,,,,,,
E0429,,,,,,,,,,,,
E0430,,,,,,,,,,,,
E0431,,,,,,,,,,,,
E0432,,,,,,,,,,,,
E0433,,,,,,,,,,,,
E0434,,,,,,,,,,,,
E0435,,,,,,,,,,,,
E0436,,,,,,,,,,,,
E0437,,,,,,,,,,,,
E0438,,,,,,,,,,,,
E0439,,,,,,,,,,,,
E0440,,,,,,,,,,,,
E0441,,,,,,,,,,,,
E0442,,,,,,,,,,,,
E0443,,,,,,,,,,,,
E0444,,,,,,,,,,,,
E0445,,,,,,,,,,,,
E0446,,,,,,,,,,,,
E0447,,,,,,,,,,,,
E0448,,,,,,,,,,,,
E0449,,,,,,,,,,,,
E0450,,,,,,,,,,,,
E0451,,,,,,,,,,,,
E0452,,,,,,,,,,,,
E0453,,,,,,,,,,,,
E0454,,,,,,,,,,,,
E0455,,,,,,,,,,,,
E0456,,,,,,,,,,,,
E0457,,,,,,,,,,,,
E0458,,,,,,,,,,,,
E0459,,,,,,,,,,,,
E0460,,,,,,,,,,,,
E0461,,,,,,,,,,,,
E0462,,,,,,,,,,,,
E0463,,,,,,,,,,,,
E0464,,,,,,,,,,,,
E0465,,,,,,,,,,,,
E0466,,,,,,,,,,,,
E0467,,,,,,,,,,,,
E0468,,,,,,,,,,,,
E0469,,,,,,,,,,,,
E0470,,,,,,,,,,,,
E0471,,,,,,,,,,,,
E0472,,,,,,,,,,,,
E0473,,,,,,,,,,,,
E0474,,,,,,,,,,,,
E0475,,,,,,,,,,,,
E0476,,,,,,,,,,,,
E0477,,,,,,,,,,,,
E0478,,,,,,,,,,,,
E0479,,,,,,,,,,,,
E0480,,,,,,,,,,,,
E0481,,,,,,,,,,,,
E0482,,,,,,,,,,,,
E0483,,,,,,,,,,,,
E0484,,,,,,,,,,,,
E0485,,,,,,,,,,,,
E0486,,,,,,,,,,,,
E0487,,,,,,,,,,,,
E0488,,,,,,,,,,,,
E0489,,,,,,,,,,,,
E0490,,,,,,,,,,,,
E0491,,,,,,,,,,,,
E0492,,,,,,,,,,,,
E0493,,,,,,,,,,,,
E0494,,,,,,,,,,,,
E0495,,,,,,,,,,,,
E0496,,,,,,,,,,,,
E0497,,,,,,,,,,,,
E0498,,,,,,,,,,,,
E0499,,,,,,,,,,,,
E0500,,,,,,,,,,,,
E0501,,,,,,,,,,,,
E0502,,,,,,,,,,,,
E0503,,,,,,,,,,,,
E0504,,,,,,,,,,,,
E0505,,,,,,,,,,,,
E0506,,,,,,,,,,,,
E0507,,,,,,,,,,,,
E0508,,,,,,,,,,,,
E0509,,,,,,,,,,,,
E0510,,,,,,,,,,,,
E0511,,,,,,,,,,,,
E0512,,,,,,,,,,,,
E0513,,,,,,,,,,,,
E0514,,,,,,,,,,,,
E0515,,,,,,,,,,,,
E0516,,,,,,,,,,,,
E0517,,,,,,,,,,,,
E0518,,,,,,,,,,,,
E0519,,,,,,,,,,,,
E0520,,,,,,,,,,,,
E0521,,,,,,,,,,,,
E0522,,,,,,,,,,,,
E0523,,,,,,,,,,,,
E0524,,,,,,,,,,,,
E0525,,,,,,,,,,,,
E0526,,,,,,,,,,,,
E0527,,,,,,,,,,,,
E0528,,,,,,,,,,,,
E0529,,,,,,,,,,,,
E0530,,,,,,,,,,,,
E0531,,,,,,,,,,,,
E0532,,,,,,,,,,,,
E0533,,,,,,,,,,,,
E0534,,,,,,,,,,,,
E0535,,,,,,,,,,,,
E0536,,,,,,,,,,,,
E0537,,,,,,,,,,,,
E0538,,,,,,,,,,,,
E0539,,,,,,,,,,,,
E0540,,,,,,,,,,,,
E0541,,,,,,,,,,,,
E0542,,,,,,,,,,,,
E0543,,,,,,,,,,,,
E0544,,,,,,,,,,,,
E0545,,,,,,,,,,,,
E0546,,,,,,,,,,,,
E0547,,,,,,,,,,,,
E0548,,,,,,,,,,,,
E0549,,,,,,,,,,,,
E0550,,,,,,,,,,,,
E0551,,,,,,,,,,,,
E0552,,,,,,,,,,,,
E0553,,,,,,,,,,,,
E0554,,,,,,,,,,,,
E0555,,,,,,,,,,,,
E0556,,,,,,,,,,,,
E0557,,,,,,,,,,,,
E0558,,,,,,,,,,,,
E0559,,,,,,,,,,,,
E0560,,,,,,,,,,,,
E0561,,,,,,,,,,,,
E0562,,,,,,,,,,,,
E0563,,,,,,,,,,,,
E0564,,,,,,,,,,,,
E0565,,,,,,,,,,,,
E0566,,,,,,,,,,,,
E0567,,,,,,,,,,,,
E0568,,,,,,,,,,,,
E0569,,,,,,,,,,,,
E0570,,,,,,,,,,,,
E0571,,,,,,,,,,,,
E0572,,,,,,,,,,,,
E0573,,,,,,,,,,,,
E0574,,,,,,,,,,,,
E0575,,,,,,,,,,,,
E0576,,,,,,,,,,,,
E0577,,,,,,,,,,,,
E0578,,,,,,,,,,,,
E0579,,,,,,,,,,,,
E0580,,,,,,,,,,,,
E0581,,,,,,,,,,,,
E0582,,,,,,,,,,,,
E0583,,,,,,,,,,,,
E0584,,,,,,,,,,,,
E0585,,,,,,,,,,,,
E0586,,,,,,,,,,,,
E0587,,,,,,,,,,,,
E0588,,,,,,,,,,,,
E0589,,,,,,,,,,,,
E0590,,,,,,,,,,,,
E0591,,,,,,,,,,,,
E0592,,,,,,,,,,,,
E0593,,,,,,,,,,,,
E0594,,,,,,,,,,,,
E0595,,,,,,,,,,,,
E0596,,,,,,,,,,,,
E0597,,,,,,,,,,,,
E0598,,,,,,,,,,,,
E0599,,,,,,,,,,,,
E0600,,,,,,,,,,,,
E0601,,,,,,,,,,,,
E0602,,,,,,,,,,,,
E0603,,,,,,,,,,,,
E0604,,,,,,,,,,,,
E0605,,,,,,,,,,,,
E0606,,,,,,,,,,,,
E0607,,,,,,,,,,,,
E0608,,,,,,,,,,,,
E0609,,,,,,,,,,,,
E0610,,,,,,,,,,,,
E0611,,,,,,,,,,,,
E0612,,,,,,,,,,,,
E0613,,,,,,,,,,,,
E0614,,,,,,,,,,,,
E0615,,,,,,,,,,,,
E0616,,,,,,,,,,,,
E0617,,,,,,,,,,,,
E0618,,,,,,,,,,,,
E0619,,,,,,,,,,,,
E0620,,,,,,,,,,,,
E0621,,,,,,,,,,,,
E0622,,,,,,,,,,,,
E0623,,,,,,,,,,,,
E0624,,,,,,,,,,,,
E0625,,,,,,,,,,,,
E0626,,,,,,,,,,,,
E0627,,,,,,,,,,,,
E0628,,,,,,,,,,,,
E0629,,,,,,,,,,,,
E0630,,,,,,,,,,,,
E0631,,,,,,,,,,,,
E0632,,,,,,,,,,,,
E0633,,,,,,,,,,,,
E0634,,,,,,,,,,,,
E0635,,,,,,,,,,,,
E0636,,,,,,,,,,,,
E0637,,,,,,,,,,,,
E0638,,,,,,,,,,,,
E0639,,,,,,,,,,,,
E0640,,,,,,,,,,,,
E0641,,,,,,,,,,,,
E0642,,,,,,,,,,,,
E0643,,,,,,,,,,,,
E0644,,,,,,,,,,,,
E0645,,,,,,,,,,,,
E0646,,,,,,,,,,,,
E0647,,,,,,,,,,,,
E0648,,,,,,,,,,,,
E0649,,,,,,,,,,,,
E0650,,,,,,,,,,,,
E0651,,,,,,,,,,,,
E0652,,,,,,,,,,,,
E0653,,,,,,,,,,,,
E0654,,,,,,,,,,,,
E0655,,,,,,,,,,,,
E0656,,,,,,,,,,,,
E0657,,,,,,,,,,,,
E0658,,,,,,,,,,,,
E0659,,,,,,,,,,,,
E0660,,,,,,,,,,,,
E0661,,,,,,,,,,,,
E0662,,,,,,,,,,,,
E0663,,,,,,,,,,,,
E0664,,,,,,,,,,,,
E0665,,,,,,,,,,,,
E0666,,,,,,,,,,,,
E0667,,,,,,,,,,,,
E0668,,,,,,,,,,,,
E0669,,,,,,,,,,,,
E0670,,,,,,,,,,,,
E0671,,,,,,,,,,,,
E0672,,,,,,,,,,,,
E0673,,,,,,,,,,,,
E0674,,,,,,,,,,,,
E0675,,,,,,,,,,,,
E0676,,,,,,,,,,,,
E0677,,,,,,,,,,,,
E0678,,,,,,,,,,,,
E0679,,,,,,,,,,,,
E0680,,,,,,,,,,,,
E0681,,,,,,,,,,,,
E0682,,,,,,,,,,,,
E0683,,,,,,,,,,,,
E0684,,,,,,,,,,,,
E0685,,,,,,,,,,,,
E0686,,,,,,,,,,,,
E0687,,,,,,,,,,,,
E0688,,,,,,,,,,,,
E0689,,,,,,,,,,,,
E0690,,,,,,,,,,,,
E0691,,,,,,,,,,,,
E0692,,,,,,,,,,,,
E0693,,,,,,,,,,,,
E0694,,,,,,,,,,,,
E0695,,,,,,,,,,,,
E0696,,,,,,,,,,,,
E0697,,,,,,,,,,,,
E0698,,,,,,,,,,,,
E0699,,,,,,,,,,,,
E0700,,,,,,,,,,,,
E0701,,,,,,,,,,,,
E0702,,,,,,,,,,,,
E0703,,,,,,,,,,,,
E0704,,,,,,,,,,,,
E0705,,,,,,,,,,,,
E0706,,,,,,,,,,,,
E0707,,,,,,,,,,,,
E0708,,,,,,,,,,,,
E0709,,,,,,,,,,,,
E0710,,,,,,,,,,,,
E0711,,,,,,,,,,,,
E0712,,,,,,,,,,,,
E0713,,,,,,,,,,,,
E0714,,,,,,,,,,,,
E0715,,,,,,,,,,,,
E0716,,,,,,,,,,,,
E0717,,,,,,,,,,,,
E0718,,,,,,,,,,,,
E0719,,,,,,,,,,,,
E0720,,,,,,,,,,,,
E0721,,,,,,,,,,,,
E0722,,,,,,,,,,,,
E0723,,,,,,,,,,,,
E0724,,,,,,,,,,,,
E0725,,,,,,,,,,,,
E0726,,,,,,,,,,,,
E0727,,,,,,,,,,,,
E0728,,,,,,,,,,,,
E0729,,,,,,,,,,,,
E0730,,,,,,,,,,,,
E0731,,,,,,,,,,,,
E0732,,,,,,,,,,,,
E0733,,,,,,,,,,,,
E0734,,,,,,,,,,,,
E0735,,,,,,,,,,,,
E0736,,,,,,,,,,,,
E0737,,,,,,,,,,,,
E0738,,,,,,,,,,,,
E0739,,,,,,,,,,,,
E0740,,,,,,,,,,,,
E0741,,,,,,,,,,,,
E0742,,,,,,,,,,,,
E0743,,,,,,,,,,,,
E0744,,,,,,,,,,,,
E0745,,,,,,,,,,,,
E0746,,,,,,,,,,,,
E0747,,,,,,,,,,,,
E0748,,,,,,,,,,,,
E0749,,,,,,,,,,,,
E0750,,,,,,,,,,,,
E0751,,,,,,,,,,,,
E0752,,,,,,,,,,,,
E0753,,,,,,,,,,,,
E0754,,,,,,,,,,,,
E0755,,,,,,,,,,,,
E0756,,,,,,,,,,,,
E0757,,,,,,,,,,,,
E0758,,,,,,,,,,,,
E0759,,,,,,,,,,,,
E0760,,,,,,,,,,,,
E0761,,,,,,,,,,,,
E0762,,,,,,,,,,,,
E0763,,,,,,,,,,,,
E0764,,,,,,,,,,,,
E0765,,,,,,,,,,,,
E0766,,,,,,,,,,,,
E0767,,,,,,,,,,,,
E0768,,,,,,,,,,,,
E0769,,,,,,,,,,,,
E0770,,,,,,,,,,,,
E0771,,,,,,,,,,,,
E0772,,,,,,,,,,,,
E0773,,,,,,,,,,,,
E0774,,,,,,,,,,,,
E0775,,,,,,,,,,,,
E0776,,,,,,,,,,,,
E0777,,,,,,,,,,,,
E0778,,,,,,,,,,,,
E0779,,,,,,,,,,,,
E0780,,,,,,,,,,,,
E0781,,,,,,,,,,,,
E0782,,,,,,,,,,,,
E0783,,,,,,,,,,,,
E0784,,,,,,,,,,,,
E0785,,,,,,,,,,,,
E0786,,,,,,,,,,,,
E0787,,,,,,,,,,,,
E0788,,,,,,,,,,,,
E0789,,,,,,,,,,,,
E0790,,,,,,,,,,,,
E0791,,,,,,,,,,,,
E0792,,,,,,,,,,,,
E0793,,,,,,,,,,,,
E0794,,,,,,,,,,,,
E0795,,,,,,,,,,,,
E0796,,,,,,,,,,,,
E0797,,,,,,,,,,,,
E0798,,,,,,,,,,,,
E0799,,,,,,,,,,,,
E0800,,,,,,,,,,,,
E0801,,,,,,,,,,,,
E0802,,,,,,,,,,,,
E0803,,,,,,,,,,,,
E0804,,,,,,,,,,,,
E0805,,,,,,,,,,,,
E0806,,,,,,,,,,,,
E0807,,,,,,,,,,,,
E0808,,,,,,,,,,,,
E0809,,,,,,,,,,,,
E0810,,,,,,,,,,,,
E0811,,,,,,,,,,,,
E0812,,,,,,,,,,,,
E0813,,,,,,,,,,,,
E0814,,,,,,,,,,,,
E0815,,,,,,,,,,,,
E0816,,,,,,,,,,,,
E0817,,,,,,,,,,,,
E0818,,,,,,,,,,,,
E0819,,,,,,,,,,,,
E0820,,,,,,,,,,,,
E0821,,,,,,,,,,,,
E0822,,,,,,,,,,,,
E0823,,,,,,,,,,,,
E0824,,,,,,,,,,,,
E0825,,,,,,,,,,,,
E0826,,,,,,,,,,,,
E0827,,,,,,,,,,,,
E0828,,,,,,,,,,,,
E0829,,,,,,,,,,,,
E0830,,,,,,,,,,,,
E0831,,,,,,,,,,,,
E0832,,,,,,,,,,,,
E0833,,,,,,,,,,,,
E0834,,,,,,,,,,,,
E0835,,,,,,,,,,,,
E0836,,,,,,,,,,,,
E0837,,,,,,,,,,,,
E0838,,,,,,,,,,,,
E0839,,,,,,,,,,,,
E0840,,,,,,,,,,,,
E0841,,,,,,,,,,,,
E0842,,,,,,,,,,,,
E0843,,,,,,,,,,,,
E0844,,,,,,,,,,,,
E0845,,,,,,,,,,,,
E0846,,,,,,,,,,,,
E0847,,,,,,,,,,,,
E0848,,,,,,,,,,,,
E0849,,,,,,,,,,,,
E0850,,,,,,,,,,,,
E0851,,,,,,,,,,,,
E0852,,,,,,,,,,,,
E0853,,,,,,,,,,,,
E0854,,,,,,,,,,,,
E0855,,,,,,,,,,,,
E0856,,,,,,,,,,,,
E0857,,,,,,,,,,,,
E0858,,,,,,,,,,,,
E0859,,,,,,,,,,,,
E0860,,,,,,,,,,,,
E0861,,,,,,,,,,,,
E0862,,,,,,,,,,,,
E0863,,,,,,,,,,,,
E0864,,,,,,,,,,,,
E0865,,,,,,,,,,,,
E0866,,,,,,,,,,,,
E0867,,,,,,,,,,,,
E0868,,,,,,,,,,,,
E0869,,,,,,,,,,,,
E0870,,,,,,,,,,,,
E0871,,,,,,,,,,,,
E0872,,,,,,,,,,,,
E0873,,,,,,,,,,,,
E0874,,,,,,,,,,,,
E0875,,,,,,,,,,,,
E0876,,,,,,,,,,,,
E0877,,,,,,,,,,,,
E0878,,,,,,,,,,,,
E0879,,,,,,,,,,,,
E0880,,,,,,,,,,,,
E0881,,,,,,,,,,,,
E0882,,,,,,,,,,,,
E0883,,,,,,,,,,,,
E0884,,,,,,,,,,,,
E0885,,,,,,,,,,,,
E0886,,,,,,,,,,,,
E0887,,,,,,,,,,,,
E0888,,,,,,,,,,,,
E0889,,,,,,,,,,,,
E0890,,,,,,,,,,,,
E0891,,,,,,,,,,,,
E0892,,,,,,,,,,,,
E0893,,,,,,,,,,,,
E0894,,,,,,,,,,,,
E0895,,,,,,,,,,,,
E0896,,,,,,,,,,,,
E0897,,,,,,,,,,,,
E0898,,,,,,,,,,,,
E0899,,,,,,,,,,,,
E0900,,,,,,,,,,,,
E0901,,,,,,,,,,,,
E0902,,,,,,,,,,,,
E0903,,,,,,,,,,,,
E0904,,,,,,,,,,,,
E0905,,,,,,,,,,,,
E0906,,,,,,,,,,,,
E0907,,,,,,,,,,,,
E0908,,,,,,,,,,,,
E0909,,,,,,,,,,,,
E0910,,,,,,,,,,,,
E0911,,,,,,,,,,,,
E0912,,,,,,,,,,,,
E0913,,,,,,,,,,,,
E0914,,,,,,,,,,,,
E0915,,,,,,,,,,,,
E0916,,,,,,,,,,,,
E0917,,,,,,,,,,,,
E0918,,,,,,,,,,,,
E0919,,,,,,,,,,,,
E0920,,,,,,,,,,,,
E0921,,,,,,,,,,,,
E0922,,,,,,,,,,,,
E0923,,,,,,,,,,,,
E0924,,,,,,,,,,,,
E0925,,,,,,,,,,,,
E0926,,,,,,,,,,,,
E0927,,,,,,,,,,,,
E0928,,,,,,,,,,,,
E0929,,,,,,,,,,,,
E0930,,,,,,,,,,,,
E0931,,,,,,,,,,,,
E0932,,,,,,,,,,,,
E0933,,,,,,,,,,,,
E0934,,,,,,,,,,,,
E0935,,,,,,,,,,,,
E0936,,,,,,,,,,,,
E0937,,,,,,,,,,,,
E0938,,,,,,,,,,,,
E0939,,,,,,,,,,,,
E0940,,,,,,,,,,,,
E0941,,,,,,,,,,,,
E0942,,,,,,,,,,,,
E0943,,,,,,,,,,,,
E0944,,,,,,,,,,,,
E0945,,,,,,,,,,,,
E0946,,,,,,,,,,,,
E0947,,,,,,,,,,,,
E0948,,,,,,,,,,,,
E0949,,,,,,,,,,,,
E0950,,,,,,,,,,,,
E0951,,,,,,,,,,,,
E0952,,,,,,,,,,,,
E0953,,,,,,,,,,,,
E0954,,,,,,,,,,,,
E0955,,,,,,,,,,,,
E0956,,,,,,,,,,,,
E0957,,,,,,,,,,,,
E0958,,,,,,,,,,,,
E0959,,,,,,,,,,,,
E0960,,,,,,,,,,,,
E0961,,,,,,,,,,,,
E0962,,,,,,,,,,,,
E0963,,,,,,,,,,,,
E0964,,,,,,,,,,,,
E0965,,,,,,,,,,,,
E0966,,,,,,,,,,,,
E0967,,,,,,,,,,,,
E0968,,,,,,,,,,,,
E0969,,,,,,,,,,,,
E0970,,,,,,,,,,,,
E0971,,,,,,,,,,,,
E0972,,,,,,,,,,,,
E0973,,,,,,,,,,,,
E0974,,,,,,,,,,,,
E0975,,,,,,,,,,,,
E0976,,,,,,,,,,,,
E0977,,,,,,,,,,,,
E0978,,,,,,,,,,,,
E0979,,,,,,,,,,,,
E0980,,,,,,,,,,,,
E0981,,,,,,,,,,,,
E0982,,,,,,,,,,,,
E0983,,,,,,,,,,,,
E0984,,,,,,,,,,,,
E0985,,,,,,,,,,,,
E0986,,,,,,,,,,,,
E0987,,,,,,,,,,,,
E0988,,,,,,,,,,,,
E0989,,,,,,,,,,,,
E0990,,,,,,,,,,,,
E0991,,,,,,,,,,,,
E0992,,,,,,,,,,,,
E0993,,,,,,,,,,,,
E0994,,,,,,,,,,,,
E0995,,,,,,,,,,,,
E0996,,,,,,,,,,,,
E0997,,,,,,,,,,,,
E0998,,,,,,,,,,,,
E0999,,,,,,,,,,,,
E1000,,,,,,,,,,,,
E1001,,,,,,,,,,,,
E1002,,,,,,,,,,,,
E1003,,,,,,,,,,,,
E1004,,,,,,,,,,,,
E1005,,,,,,,,,,,,
E1006,,,,,,,,,,,,
E1007,,,,,,,,,,,,
E1008,,,,,,,,,,,,
E1009,,,,,,,,,,,,
E1010,,,,,,,,,,,,
E1011,,,,,,,,,,,,
E1012,,,,,,,,,,,,
E1013,,,,,,,,,,,,
E1014,,,,,,,,,,,,
E1015,,,,,,,,,,,,
E1016,,,,,,,,,,,,
E1017,,,,,,,,,,,,
E1018,,,,,,,,,,,,
E1019,,,,,,,,,,,,
E1020,,,,,,,,,,,,
E1021,,,,,,,,,,,,
E1022,,,,,,,,,,,,
E1023,,,,,,,,,,,,
E1024,,,,,,,,,,,,
E1025,,,,,,,,,,,,
E1026,,,,,,,,,,,,
E1027,,,,,,,,,,,,
E1028,,,,,,,,,,,,
E1029,,,,,,,,,,,,
E1030,,,,,,,,,,,,
E1031,,,,,,,,,,,,
E1032,,,,,,,,,,,,
E1033,,,,,,,,,,,,
E1034,,,,,,,,,,,,
E1035,,,,,,,,,,,,
E1036,,,,,,,,,,,,
E1037,,,,,,,,,,,,
E1038,,,,,,,,,,,,
E1039,,,,,,,,,,,,
E1040,,,,,,,,,,,,
E1041,,,,,,,,,,,,
E1042,,,,,,,,,,,,
E1043,,,,,,,,,,,,
E1044,,,,,,,,,,,,
E1045,,,,,,,,,,,,
E1046,,,,,,,,,,,,
E1047,,,,,,,,,,,,
E1048,,,,,,,,,,,,
E1049,,,,,,,,,,,,
E1050,,,,,,,,,,,,
E1051,,,,,,,,,,,,
E1052,,,,,,,,,,,,
E1053,,,,,,,,,,,,
E1054,,,,,,,,,,,,
E1055,,,,,,,,,,,,
E1056,,,,,,,,,,,,
E1057,,,,,,,,,,,,
E1058,,,,,,,,,,,,
E1059,,,,,,,,,,,,
E1060,,,,,,,,,,,,
E1061,,,,,,,,,,,,
E1062,,,,,,,,,,,,
E1063,,,,,,,,,,,,
E1064,,,,,,,,,,,,
E1065,,,,,,,,,,,,
E1066,,,,,,,,,,,,
E1067,,,,,,,,,,,,
E1068,,,,,,,,,,,,
E1069,,,,,,,,,,,,
E1070,,,,,,,,,,,,
E1071,,,,,,,,,,,,
E1072,,,,,,,,,,,,
E1073,,,,,,,,,,,,
E1074,,,,,,,,,,,,
E1075,,,,,,,,,,,,
E1076,,,,,,,,,,,,
E1077,,,,,,,,,,,,
E1078,,,,,,,,,,,,
E1079,,,,,,,,,,,,
E1080,,,,,,,,,,,,
E1081,,,,,,,,,,,,
E1082,,,,,,,,,,,,
E1083,,,,,,,,,,,,
E1084,,,,,,,,,,,,
E1085,,,,,,,,,,,,
E1086,,,,,,,,,,,,
E1087,,,,,,,,,,,,
E1088,,,,,,,,,,,,
E1089,,,,,,,,,,,,
E1090,,,,,,,,,,,,
E1091,,,,,,,,,,,,
E1092,,,,,,,,,,,,
E1093,,,,,,,,,,,,
E1094,,,,,,,,,,,,
E1095,,,,,,,,,,,,
E1096,,,,,,,,,,,,
E1097,,,,,,,,,,,,
E1098,,,,,,,,,,,,
E1099,,,,,,,,,,,,
E1100,,,,,,,,,,,,
E1101,,,,,,,,,,,,
E1102,,,,,,,,,,,,
E1103,,,,,,,,,,,,
E1104,,,,,,,,,,,,
E1105,,,,,,,,,,,,
E1106,,,,,,,,,,,,
E1107,,,,,,,,,,,,
E1108,,,,,,,,,,,,
E1109,,,,,,,,,,,,
E1110,,,,,,,,,,,,
E1111,,,,,,,,,,,,
E1112,,,,,,,,,,,,
E1113,,,,,,,,,,,,
E1114,,,,,,,,,,,,
E1115,,,,,,,,,,,,
E1116,,,,,,,,,,,,
E1117,,,,,,,,,,,,
E1118,,,,,,,,,,,,
E1119,,,,,,,,,,,,
E1120,,,,,,,,,,,,
E1121,,,,,,,,,,,,
E1122,,,,,,,,,,,,
E1123,,,,,,,,,,,,
E1124,,,,,,,,,,,,
E1125,,,,,,,,,,,,
E1126,,,,,,,,,,,,
E1127,,,,,,,,,,,,
E1128,,,,,,,,,,,,
E1129,,,,,,,,,,,,
E1130,,,,,,,,,,,,
E1131,,,,,,,,,,,,
E1132,,,,,,,,,,,,
E1133,,,,,,,,,,,,
E1134,,,,,,,,,,,,
E1135,,,,,,,,,,,,
E1136,,,,,,,,,,,,
E1137,,,,,,,,,,,,
E1138,,,,,,,,,,,,
E1139,,,,,,,,,,,,
E1140,,,,,,,,,,,,
E1141,,,,,,,,,,,,
E1142,,,,,,,,,,,,
E1143,,,,,,,,,,,,
E1144,,,,,,,,,,,,
E1145,,,,,,,,,,,,
E1146,,,,,,,,,,,,
E1147,,,,,,,,,,,,
E1148,,,,,,,,,,,,
E1149,,,,,,,,,,,,
E1150,,,,,,,,,,,,
E1151,,,,,,,,,,,,
E1152,,,,,,,,,,,,
E1153,,,,,,,,,,,,
E1154,,,,,,,,,,,,
E1155,,,,,,,,,,,,
E1156,,,,,,,,,,,,
E1157,,,,,,,,,,,,
E1158,,,,,,,,,,,,
E1159,,,,,,,,,,,,
E1160,,,,,,,,,,,,
E1161,,,,,,,,,,,,
E1162,,,,,,,,,,,,
E1163,,,,,,,,,,,,
E1164,,,,,,,,,,,,
E1165,,,,,,,,,,,,
E1166,,,,,,,,,,,,
E1167,,,,,,,,,,,,
E1168,,,,,,,,,,,,
E1169,,,,,,,,,,,,
E1170,,,,,,,,,,,,
E1171,,,,,,,,,,,,
E1172,,,,,,,,,,,,
E1173,,,,,,,,,,,,
E1174,,,,,,,,,,,,
E1175,,,,,,,,,,,,
E1176,,,,,,,,,,,,
E1177,,,,,,,,,,,,
E1178,,,,,,,,,,,,
E1179,,,,,,,,,,,,
E1180,,,,,,,,,,,,
E1181,,,,,,,,,,,,
E1182,,,,,,,,,,,,
E1183,,,,,,,,,,,,
E1184,,,,,,,,,,,,
E1185,,,,,,,,,,,,
E1186,,,,,,,,,,,,
E1187,,,,,,,,,,,,
E1188,,,,,,,,,,,,
E1189,,,,,,,,,,,,
E1190,,,,,,,,,,,,
E1191,,,,,,,,,,,,
E1192,,,,,,,,,,,,
E1193,,,,,,,,,,,,
E1194,,,,,,,,,,,,
E1195,,,,,,,,,,,,
E1196,,,,,,,,,,,,
E1197,,,,,,,,,,,,
E1198,,,,,,,,,,,,
E1199,,,,,,,,,,,,
E1200,,,,,,,,,,,,
E1201,,,,,,,,,,,,
E1202,,,,,,,,,,,,
E1203,,,,,,,,,,,,
E1204,,,,,,,,,,,,
E1205,,,,,,,,,,,,
E1206,,,,,,,,,,,,
E1207,,,,,,,,,,,,
E1208,,,,,,,,,,,,
E1209,,,,,,,,,,,,
E1210,,,,,,,,,,,,
E1211,,,,,,,,,,,,
E1212,,,,,,,,,,,,
E1213,,,,,,,,,,,,
E1214,,,,,,,,,,,,
E1215,,,,,,,,,,,,
E1216,,,,,,,,,,,,
E1217,,,,,,,,,,,,
E1218,,,,,,,,,,,,
E1219,,,,,,,,,,,,
E1220,,,,,,,,,,,,
E1221,,,,,,,,,,,,
E1222,,,,,,,,,,,,
E1223,,,,,,,,,,,,
E1224,,,,,,,,,,,,
E1225,,,,,,,,,,,,
E1226,,,,,,,,,,,,
E1227,,,,,,,,,,,,
E1228,,,,,,,,,,,,
E1229,,,,,,,,,,,,
E1230,,,,,,,,,,,,
E1231,,,,,,,,,,,,
E1232,,,,,,,,,,,,
E1233,,,,,,,,,,,,
E1234,,,,,,,,,,,,
E1235,,,,,,,,,,,,
E1236,,,,,,,,,,,,
E1237,,,,,,,,,,,,
E1238,,,,,,,,,,,,
E1239,,,,,,,,,,,,
E1240,,,,,,,,,,,,
E1241,,,,,,,,,,,,
E1242,,,,,,,,,,,,
E1243,,,,,,,,,,,,
E1244,,,,,,,,,,,,
E1245,,,,,,,,,,,,
E1246,,,,,,,,,,,,
E1247,,,,,,,,,,,,
E1248,,,,,,,,,,,,
E1249,,,,,,,,,,,,
E1250,,,,,,,,,,,,
E1251,,,,,,,,,,,,
E1252,,,,,,,,,,,,
E1253,,,,,,,,,,,,
E1254,,,,,,,,,,,,
E1255,,,,,,,,,,,,
E1256,,,,,,,,,,,,
E1257,,,,,,,,,,,,
E1258,,,,,,,,,,,,
E1259,,,,,,,,,,,,
E1260,,,,,,,,,,,,
E1261,,,,,,,,,,,,
E1262,,,,,,,,,,,,
E1263,,,,,,,,,,,,
E1264,,,,,,,,,,,,
E1265,,,,,,,,,,,,
E1266,,,,,,,,,,,,
E1267,,,,,,,,,,,,
E1268,,,,,,,,,,,,
E1269,,,,,,,,,,,,
E1270,,,,,,,,,,,,
E1271,,,,,,,,,,,,
E1272,,,,,,,,,,,,
E1273,,,,,,,,,,,,
E1274,,,,,,,,,,,,
E1275,,,,,,,,,,,,
E1276,,,,,,,,,,,,
E1277,,,,,,,,,,,,
E1278,,,,,,,,,,,,
E1279,,,,,,,,,,,,
E1280,,,,,,,,,,,,
E1281,,,,,,,,,,,,
E1282,,,,,,,,,,,,
E1283,,,,,,,,,,,,
E1284,,,,,,,,,,,,
E1285,,,,,,,,,,,,
E1286,,,,,,,,,,,,
E1287,,,,,,,,,,,,
E1288,,,,,,,,,,,,
E1289,,,,,,,,,,,,
E1290,,,,,,,,,,,,
E1291,,,,,,,,,,,,
E1292,,,,,,,,,,,,
E1293,,,,,,,,,,,,
E1294,,,,,,,,,,,,
E1295,,,,,,,,,,,,
E1296,,,,,,,,,,,,
E1297,,,,,,,,,,,,
E1298,,,,,,,,,,,,
E1299,,,,,,,,,,,,
E1300,,,,,,,,,,,,
E1301,,,,,,,,,,,,
E1302,,,,,,,,,,,,
E1303,,,,,,,,,,,,
E1304,,,,,,,,,,,,
E1305,,,,,,,,,,,,
E1306,,,,,,,,,,,,
E1307,,,,,,,,,,,,
E1308,,,,,,,,,,,,
E1309,,,,,,,,,,,,
E1310,,,,,,,,,,,,
E1311,,,,,,,,,,,,
E1312,,,,,,,,,,,,
E1313,,,,,,,,,,,,
E1314,,,,,,,,,,,,
E1315,,,,,,,,,,,,
E1316,,,,,,,,,,,,
E1317,,,,,,,,,,,,
E1318,,,,,,,,,,,,
E1319,,,,,,,,,,,,
E1320,,,,,,,,,,,,
E1321,,,,,,,,,,,,
E1322,,,,,,,,,,,,
E1323,,,,,,,,,,,,
E1324,,,,,,,,,,,,
E1325,,,,,,,,,,,,
E1326,,,,,,,,,,,,
E1327,,,,,,,,,,,,
E1328,,,,,,,,,,,,
E1329,,,,,,,,,,,,
E1330,,,,,,,,,,,,
E1331,,,,,,,,,,,,
E1332,,,,,,,,,,,,
E1333,,,,,,,,,,,,
E1334,,,,,,,,,,,,
E1335,,,,,,,,,,,,
E1336,,,,,,,,,,,,
E1337,,,,,,,,,,,,
E1338,,,,,,,,,,,,
E1339,,,,,,,,,,,,
E1340,,,,,,,,,,,,
E1341,,,,,,,,,,,,
E1342,,,,,,,,,,,,
E1343,,,,,,,,,,,,
E1344,,,,,,,,,,,,
E1345,,,,,,,,,,,,
E1346,,,,,,,,,,,,
E1347,,,,,,,,,,,,
E1348,,,,,,,,,,,,
E1349,,,,,,,,,,,,
E1350,,,,,,,,,,,,
E1351,,,,,,,,,,,,
E1352,,,,,,,,,,,,
E1353,,,,,,,,,,,,
E1354,,,,,,,,,,,,
E1355,,,,,,,,,,,,
E1356,,,,,,,,,,,,
E1357,,,,,,,,,,,,
E1358,,,,,,,,,,,,
E1359,,,,,,,,,,,,
E1360,,,,,,,,,,,,
E1361,,,,,,,,,,,,
E1362,,,,,,,,,,,,
E1363,,,,,,,,,,,,
E1364,,,,,,,,,,,,
E1365,,,,,,,,,,,,
E1366,,,,,,,,,,,,
E1367,,,,,,,,,,,,
E1368,,,,,,,,,,,,
E1369,,,,,,,,,,,,
E1370,,,,,,,,,,,,
E1371,,,,,,,,,,,,
E1372,,,,,,,,,,,,
E1373,,,,,,,,,,,,
E1374,,,,,,,,,,,,
E1375,,,,,,,,,,,,
E1376,,,,,,,,,,,,
E1377,,,,,,,,,,,,
E1378,,,,,,,,,,,,
E1379,,,,,,,,,,,,
E1380,,,,,,,,,,,,
E1381,,,,,,,,,,,,
E1382,,,,,,,,,,,,
E1383,,,,,,,,,,,,
E1384,,,,,,,,,,,,
E1385,,,,,,,,,,,,
E1386,,,,,,,,,,,,
E1387,,,,,,,,,,,,
E1388,,,,,,,,,,,,
E1389,,,,,,,,,,,,
E1390,,,,,,,,,,,,
E1391,,,,,,,,,,,,
E1392,,,,,,,,,,,,
E1393,,,,,,,,,,,,
E1394,,,,,,,,,,,,
E1395,,,,,,,,,,,,
E1396,,,,,,,,,,,,
E1397,,,,,,,,,,,,
E1398,,,,,,,,,,,,
E1399,,,,,,,,,,,,
E1400,,,,,,,,,,,,
E1401,,,,,,,,,,,,
E1402,,,,,,,,,,,,
E1403,,,,,,,,,,,,
E1404,,,,,,,,,,,,
E1405,,,,,,,,,,,,
E1406,,,,,,,,,,,,
E1407,,,,,,,,,,,,
E1408,,,,,,,,,,,,
E1409,,,,,,,,,,,,
E1410,,,,,,,,,,,,
E1411,,,,,,,,,,,,
E1412,,,,,,,,,,,,
E1413,,,,,,,,,,,,
E1414,,,,,,,,,,,,
E1415,,,,,,,,,,,,
E1416,,,,,,,,,,,,
E1417,,,,,,,,,,,,
E1418,,,,,,,,,,,,
E1419,,,,,,,,,,,,
E1420,,,,,,,,,,,,
E1421,,,,,,,,,,,,
E1422,,,,,,,,,,,,
E1423,,,,,,,,,,,,
E1424,,,,,,,,,,,,
E1425,,,,,,,,,,,,
E1426,,,,,,,,,,,,
E1427,,,,,,,,,,,,
E1428,,,,,,,,,,,,
E1429,,,,,,,,,,,,
E1430,,,,,,,,,,,,
E1431,,,,,,,,,,,,
E1432,,,,,,,,,,,,
E1433,,,,,,,,,,,,
E1434,,,,,,,,,,,,
E1435,,,,,,,,,,,,
E1436,,,,,,,,,,,,
E1437,,,,,,,,,,,,
E1438,,,,,,,,,,,,
E1439,,,,,,,,,,,,
E1440,,,,,,,,,,,,
E1441,,,,,,,,,,,,
E1442,,,,,,,,,,,,
E1443,,,,,,,,,,,,
E1444,,,,,,,,,,,,
E1445,,,,,,,,,,,,
E1446,,,,,,,,,,,,
E1447,,,,,,,,,,,,
E1448,,,,,,,,,,,,
E1449,,,,,,,,,,,,
E1450,,,,,,,,,,,,
E1451,,,,,,,,,,,,
E1452,,,,,,,,,,,,
E1453,,,,,,,,,,,,
E1454,,,,,,,,,,,,
E1455,,,,,,,,,,,,
E1456,,,,,,,,,,,,
E1457,,,,,,,,,,,,
E1458,,,,,,,,,,,,
E1459,,,,,,,,,,,,
E1460,,,,,,,,,,,,
E1461,,,,,,,,,,,,
E1462,,,,,,,,,,,,
E1463,,,,,,,,,,,,
E1464,,,,,,,,,,,,
E1465,,,,,,,,,,,,
E1466,,,,,,,,,,,,
E1467,,,,,,,,,,,,
E1468,,,,,,,,,,,,
E1469,,,,,,,,,,,,
E1470,,,,,,,,,,,,
E1471,,,,,,,,,,,,
E1472,,,,,,,,,,,,
E1473,,,,,,,,,,,,
E1474,,,,,,,,,,,,
E1475,,,,,,,,,,,,
E1476,,,,,,,,,,,,
E1477,,,,,,,,,,,,
E1478,,,,,,,,,,,,
E1479,,,,,,,,,,,,
E1480,,,,,,,,,,,,
E1481,,,,,,,,,,,,
E1482,,,,,,,,,,,,
E1483,,,,,,,,,,,,
E1484,,,,,,,,,,,,
E1485,,,,,,,,,,,,
E1486,,,,,,,,,,,,
E1487,,,,,,,,,,,,
E1488,,,,,,,,,,,,
E1489,,,,,,,,,,,,
E1490,,,,,,,,,,,,
E1491,,,,,,,,,,,,
E1492,,,,,,,,,,,,
E1493,,,,,,,,,,,,
E1494,,,,,,,,,,,,
E1495,,,,,,,,,,,,
E1496,,,,,,,,,,,,
E1497,,,,,,,,,,,,
E1498,,,,,,,,,,,,
E1499,,,,,,,,,,,,
E1500,,,,,,,,,,,,
E1501,,,,,,,,,,,,
E1502,,,,,,,,,,,,
E1503,,,,,,,,,,,,
E1504,,,,,,,,,,,,
E1505,,,,,,,,,,,,
E1506,,,,,,,,,,,,
E1507,,,,,,,,,,,,
E1508,,,,,,,,,,,,
E1509,,,,,,,,,,,,
E1510,,,,,,,,,,,,
E1511,,,,,,,,,,,,
E1512,,,,,,,,,,,,
E1513,,,,,,,,,,,,
E1514,,,,,,,,,,,,
E1515,,,,,,,,,,,,
E1516,,,,,,,,,,,,
E1517,,,,,,,,,,,,
E1518,,,,,,,,,,,,
E1519,,,,,,,,,,,,
E1520,,,,,,,,,,,,
E1521,,,,,,,,,,,,
E1522,,,,,,,,,,,,
E1523,,,,,,,,,,,,
E1524,,,,,,,,,,,,
E1525,,,,,,,,,,,,
E1526,,,,,,,,,,,,
E1527,,,,,,,,,,,,
E1528,,,,,,,,,,,,
E1529,,,,,,,,,,,,
E1530,,,,,,,,,,,,
E1531,,,,,,,,,,,,
E1532,,,,,,,,,,,,
E1533,,,,,,,,,,,,
E1534,,,,,,,,,,,,
E1535,,,,,,,,,,,,
E1536,,,,,,,,,,,,
E1537,,,,,,,,,,,,
E1538,,,,,,,,,,,,
E1539,,,,,,,,,,,,
E1540,,,,,,,,,,,,
E1541,,,,,,,,,,,,
E1542,,,,,,,,,,,,
E1543,,,,,,,,,,,,
E1544,,,,,,,,,,,,
E1545,,,,,,,,,,,,
E1546,,,,,,,,,,,,
E1547,,,,,,,,,,,,
E1548,,,,,,,,,,,,
E1549,,,,,,,,,,,,
E1550,,,,,,,,,,,,
E1551,,,,,,,,,,,,
E1552,,,,,,,,,,,,
E1553,,,,,,,,,,,,
E1554,,,,,,,,,,,,
E1555,,,,,,,,,,,,
E1556,,,,,,,,,,,,
E1557,,,,,,,,,,,,
E1558,,,,,,,,,,,,
E1559,,,,,,,,,,,,
E1560,,,,,,,,,,,,
E1561,,,,,,,,,,,,
E1562,,,,,,,,,,,,
E1563,,,,,,,,,,,,
E1564,,,,,,,,,,,,
E1565,,,,,,,,,,,,
E1566,,,,,,,,,,,,
E1567,,,,,,,,,,,,
E1568,,,,,,,,,,,,
E1569,,,,,,,,,,,,
E1570,,,,,,,,,,,,
E1571,,,,,,,,,,,,
E1572,,,,,,,,,,,,
E1573,,,,,,,,,,,,
E1574,,,,,,,,,,,,
E1575,,,,,,,,,,,,
E1576,,,,,,,,,,,,
E1577,,,,,,,,,,,,
E1578,,,,,,,,,,,,
E1579,,,,,,,,,,,,
E1580,,,,,,,,,,,,
E1581,,,,,,,,,,,,
E1582,,,,,,,,,,,,
E1583,,,,,,,,,,,,
E1584,,,,,,,,,,,,
E1585,,,,,,,,,,,,
E1586,,,,,,,,,,,,
E1587,,,,,,,,,,,,
E1588,,,,,,,,,,,,
E1589,,,,,,,,,,,,
E1590,,,,,,,,,,,,
E1591,,,,,,,,,,,,
E1592,,,,,,,,,,,,
E1593,,,,,,,,,,,,
E1594,,,,,,,,,,,,
E1595,,,,,,,,,,,,
E1596,,,,,,,,,,,,
E1597,,,,,,,,,,,,
E1598,,,,,,,,,,,,
E1599,,,,,,,,,,,,
E1600,,,,,,,,,,,,
E1601,,,,,,,,,,,,
E1602,,,,,,,,,,,,
E1603,,,,,,,,,,,,
E1604,,,,,,,,,,,,
E1605,,,,,,,,,,,,
E1606,,,,,,,,,,,,
E1607,,,,,,,,,,,,
E1608,,,,,,,,,,,,
E1609,,,,,,,,,,,,
E1610,,,,,,,,,,,,
E1611,,,,,,,,,,,,
E1612,,,,,,,,,,,,
E1613,,,,,,,,,,,,
E1614,,,,,,,,,,,,
E1615,,,,,,,,,,,,
E1616,,,,,,,,,,,,
E1617,,,,,,,,,,,,
E1618,,,,,,,,,,,,
E1619,,,,,,,,,,,,
E1620,,,,,,,,,,,,
E1621,,,,,,,,,,,,
E1622,,,,,,,,,,,,
E1623,,,,,,,,,,,,
E1624,,,,,,,,,,,,
E1625,,,,,,,,,,,,
E1626,,,,,,,,,,,,
E1627,,,,,,,,,,,,
E1628,,,,,,,,,,,,
E1629,,,,,,,,,,,,
E1630,,,,,,,,,,,,
E1631,,,,,,,,,,,,
E1632,,,,,,,,,,,,
E1633,,,,,,,,,,,,
E1634,,,,,,,,,,,,
E1635,,,,,,,,,,,,
E1636,,,,,,,,,,,,
E1637,,,,,,,,,,,,
E1638,,,,,,,,,,,,
E1639,,,,,,,,,,,,
E1640,,,,,,,,,,,,
E1641,,,,,,,,,,,,
E1642,,,,,,,,,,,,
E1643,,,,,,,,,,,,
E1644,,,,,,,,,,,,
E1645,,,,,,,,,,,,
E1646,,,,,,,,,,,,
E1647,,,,,,,,,,,,
E1648,,,,,,,,,,,,
E1649,,,,,,,,,,,,
E1650,,,,,,,,,,,,
E1651,,,,,,,,,,,,
E1652,,,,,,,,,,,,
E1653,,,,,,,,,,,,
E1654,,,,,,,,,,,,
E1655,,,,,,,,,,,,
E1656,,,,,,,,,,,,
E1657,,,,,,,,,,,,
E1658,,,,,,,,,,,,
E1659,,,,,,,,,,,,
E1660,,,,,,,,,,,,
E1661,,,,,,,,,,,,
E1662,,,,,,,,,,,,
E1663,,,,,,,,,,,,
E1664,,,,,,,,,,,,
E1665,,,,,,,,,,,,
E1666,,,,,,,,,,,,
E1667,,,,,,,,,,,,
E1668,,,,,,,,,,,,
E1669,,,,,,,,,,,,
E1670,,,,,,,,,,,,
E1671,,,,,,,,,,,,
E1672,,,,,,,,,,,,
E1673,,,,,,,,,,,,
E1674,,,,,,,,,,,,
E1675,,,,,,,,,,,,
E1676,,,,,,,,,,,,
E1677,,,,,,,,,,,,
E1678,,,,,,,,,,,,
E1679,,,,,,,,,,,,
E1680,,,,,,,,,,,,
E1681,,,,,,,,,,,,
E1682,,,,,,,,,,,,
E1683,,,,,,,,,,,,
E1684,,,,,,,,,,,,
E1685,,,,,,,,,,,,
E1686,,,,,,,,,,,,
E1687,,,,,,,,,,,,
E1688,,,,,,,,,,,,
E1689,,,,,,,,,,,,
E1690,,,,,,,,,,,,
E1691,,,,,,,,,,,,
E1692,,,,,,,,,,,,
E1693,,,,,,,,,,,,
E1694,,,,,,,,,,,,
E1695,,,,,,,,,,,,
E1696,,,,,,,,,,,,
E1697,,,,,,,,,,,,
E1698,,,,,,,,,,,,
E1699,,,,,,,,,,,,
E1700,,,,,,,,,,,,
E1701,,,,,,,,,,,,
E1702,,,,,,,,,,,,
E1703,,,,,,,,,,,,
E1704,,,,,,,,,,,,
E1705,,,,,,,,,,,,
E1706,,,,,,,,,,,,
E1707,,,,,,,,,,,,
E1708,,,,,,,,,,,,
E1709,,,,,,,,,,,,
E1710,,,,,,,,,,,,
E1711,,,,,,,,,,,,
E1712,,,,,,,,,,,,
E1713,,,,,,,,,,,,
E1714,,,,,,,,,,,,
E1715,,,,,,,,,,,,
E1716,,,,,,,,,,,,
E1717,,,,,,,,,,,,
E1718,,,,,,,,,,,,
E1719,,,,,,,,,,,,
E1720,,,,,,,,,,,,
E1721,,,,,,,,,,,,
E1722,,,,,,,,,,,,
E1723,,,,,,,,,,,,
E1724,,,,,,,,,,,,
E1725,,,,,,,,,,,,
E1726,,,,,,,,,,,,
E1727,,,,,,,,,,,,
E1728,,,,,,,,,,,,
E1729,,,,,,,,,,,,
E1730,,,,,,,,,,,,
E1731,,,,,,,,,,,,
E1732,,,,,,,,,,,,
E1733,,,,,,,,,,,,
E1734,,,,,,,,,,,,
E1735,,,,,,,,,,,,
E1736,,,,,,,,,,,,
E1737,,,,,,,,,,,,
E1738,,,,,,,,,,,,
E1739,,,,,,,,,,,,
E1740,,,,,,,,,,,,
E1741,,,,,,,,,,,,
E1742,,,,,,,,,,,,
E1743,,,,,,,,,,,,
E1744,,,,,,,,,,,,
E1745,,,,,,,,,,,,
E1746,,,,,,,,,,,,
E1747,,,,,,,,,,,,
E1748,,,,,,,,,,,,
E1749,,,,,,,,,,,,
E1750,,,,,,,,,,,,
E1751,,,,,,,,,,,,
E1752,,,,,,,,,,,,
E1753,,,,,,,,,,,,
E1754,,,,,,,,,,,,
E1755,,,,,,,,,,,,
E1756,,,,,,,,,,,,
E1757,,,,,,,,,,,,
E1758,,,,,,,,,,,,
E1759,,,,,,,,,,,,
E1760,,,,,,,,,,,,
E1761,,,,,,,,,,,,
E1762,,,,,,,,,,,,
E1763,,,,,,,,,,,,
E1764,,,,,,,,,,,,
E1765,,,,,,,,,,,,
E1766,,,,,,,,,,,,
E1767,,,,,,,,,,,,
E1768,,,,,,,,,,,,
E1769,,,,,,,,,,,,
E1770,,,,,,,,,,,,
E1771,,,,,,,,,,,,
E1772,,,,,,,,,,,,
E1773,,,,,,,,,,,,
E1774,,,,,,,,,,,,
E1775,,,,,,,,,,,,
E1776,,,,,,,,,,,,
E1777,,,,,,,,,,,,
E1778,,,,,,,,,,,,
E1779,,,,,,,,,,,,
E1780,,,,,,,,,,,,
E1781,,,,,,,,,,,,
E1782,,,,,,,,,,,,
E1783,,,,,,,,,,,,
E1784,,,,,,,,,,,,
E1785,,,,,,,,,,,,
E1786,,,,,,,,,,,,
E1787,,,,,,,,,,,,
E1788,,,,,,,,,,,,
E1789,,,,,,,,,,,,
E1790,,,,,,,,,,,,
E1791,,,,,,,,,,,,
E1792,,,,,,,,,,,,
E1793,,,,,,,,,,,,
E1794,,,,,,,,,,,,
E1795,,,,,,,,,,,,
E1796,,,,,,,,,,,,
E1797,,,,,,,,,,,,
E1798,,,,,,,,,,,,
E1799,,,,,,,,,,,,
E1800,,,,,,,,,,,,
E1801,,,,,,,,,,,,
E1802,,,,,,,,,,,,
E1803,,,,,,,,,,,,
E1804,,,,,,,,,,,,
E1805,,,,,,,,,,,,
E1806,,,,,,,,,,,,
E1807,,,,,,,,,,,,
E1808,,,,,,,,,,,,
E1809,,,,,,,,,,,,
E1810,,,,,,,,,,,,
E1811,,,,,,,,,,,,
E1812,,,,,,,,,,,,
E1813,,,,,,,,,,,,
E1814,,,,,,,,,,,,
E1815,,,,,,,,,,,,
E1816,,,,,,,,,,,,
E1817,,,,,,,,,,,,
E1818,,,,,,,,,,,,
E1819,,,,,,,,,,,,
E1820,,,,,,,,,,,,
E1821,,,,,,,,,,,,
E1822,,,,,,,,,,,,
E1823,,,,,,,,,,,,
E1824,,,,,,,,,,,,
E1825,,,,,,,,,,,,
E1826,,,,,,,,,,,,
E1827,,,,,,,,,,,,
E1828,,,,,,,,,,,,
E1829,,,,,,,,,,,,
E1830,,,,,,,,,,,,
E1831,,,,,,,,,,,,
E1832,,,,,,,,,,,,
E1833,,,,,,,,,,,,
E1834,,,,,,,,,,,,
E1835,,,,,,,,,,,,
E1836,,,,,,,,,,,,
E1837,,,,,,,,,,,,
E1838,,,,,,,,,,,,
E1839,,,,,,,,,,,,
E1840,,,,,,,,,,,,
E1841,,,,,,,,,,,,
E1842,,,,,,,,,,,,
E1843,,,,,,,,,,,,
E1844,,,,,,,,,,,,
E1845,,,,,,,,,,,,
E1846,,,,,,,,,,,,
E1847,,,,,,,,,,,,
E1848,,,,,,,,,,,,
E1849,,,,,,,,,,,,
E1850,,,,,,,,,,,,
E1851,,,,,,,,,,,,
E1852,,,,,,,,,,,,
E1853,,,,,,,,,,,,
E1854,,,,,,,,,,,,
E1855,,,,,,,,,,,,
E1856,,,,,,,,,,,,
E1857,,,,,,,,,,,,
E1858,,,,,,,,,,,,
E1859,,,,,,,,,,,,
E1860,,,,,,,,,,,,
E1861,,,,,,,,,,,,
E1862,,,,,,,,,,,,
E1863,,,,,,,,,,,,
E1864,,,,,,,,,,,,
E1865,,,,,,,,,,,,
E1866,,,,,,,,,,,,
E1867,,,,,,,,,,,,
E1868,,,,,,,,,,,,
E1869,,,,,,,,,,,,
E1870,,,,,,,,,,,,
E1871,,,,,,,,,,,,
E1872,,,,,,,,,,,,
E1873,,,,,,,,,,,,
E1874,,,,,,,,,,,,
E1875,,,,,,,,,,,,
E1876,,,,,,,,,,,,
E1877,,,,,,,,,,,,
E1878,,,,,,,,,,,,
E1879,,,,,,,,,,,,
E1880,,,,,,,,,,,,
E1881,,,,,,,,,,,,
E1882,,,,,,,,,,,,
E1883,,,,,,,,,,,,
E1884,,,,,,,,,,,,
E1885,,,,,,,,,,,,
E1886,,,,,,,,,,,,
E1887,,,,,,,,,,,,
E1888,,,,,,,,,,,,
E1889,,,,,,,,,,,,
E1890,,,,,,,,,,,,
E1891,,,,,,,,,,,,
E1892,,,,,,,,,,,,
E1893,,,,,,,,,,,,
E1894,,,,,,,,,,,,
E1895,,,,,,,,,,,,
E1896,,,,,,,,,,,,
E1897,,,,,,,,,,,,
E1898,,,,,,,,,,,,
E1899,,,,,,,,,,,,
E1900,,,,,,,,,,,,
E1901,,,,,,,,,,,,
E1902,,,,,,,,,,,,
E1903,,,,,,,,,,,,
E1904,,,,,,,,,,,,
E1905,,,,,,,,,,,,
E1906,,,,,,,,,,,,
E1907,,,,,,,,,,,,
E1908,,,,,,,,,,,,
E1909,,,,,,,,,,,,
E1910,,,,,,,,,,,,
E1911,,,,,,,,,,,,
E1912,,,,,,,,,,,,
E1913,,,,,,,,,,,,
E1914,,,,,,,,,,,,
E1915,,,,,,,,,,,,
E1916,,,,,,,,,,,,
E1917,,,,,,,,,,,,
E1918,,,,,,,,,,,,
E1919,,,,,,,,,,,,
E1920,,,,,,,,,,,,
E1921,,,,,,,,,,,,
E1922,,,,,,,,,,,,
E1923,,,,,,,,,,,,
E1924,,,,,,,,,,,,
E1925,,,,,,,,,,,,
E1926,,,,,,,,,,,,
E1927,,,,,,,,,,,,
E1928,,,,,,,,,,,,
E1929,,,,,,,,,,,,
E1930,,,,,,,,,,,,
E1931,,,,,,,,,,,,
E1932,,,,,,,,,,,,
E1933,,,,,,,,,,,,
E1934,,,,,,,,,,,,
E1935,,,,,,,,,,,,
E1936,,,,,,,,,,,,
E1937,,,,,,,,,,,,
E1938,,,,,,,,,,,,
E1939,,,,,,,,,,,,
E1940,,,,,,,,,,,,
E1941,,,,,,,,,,,,
E1942,,,,,,,,,,,,
E1943,,,,,,,,,,,,
E1944,,,,,,,,,,,,
E1945,,,,,,,,,,,,
E1946,,,,,,,,,,,,
E1947,,,,,,,,,,,,
E1948,,,,,,,,,,,,
E1949,,,,,,,,,,,,
E1950,,,,,,,,,,,,
E1951,,,,,,,,,,,,
E1952,,,,,,,,,,,,
E1953,,,,,,,,,,,,
E1954,,,,,,,,,,,,
E1955,,,,,,,,,,,,
E1956,,,,,,,,,,,,
E1957,,,,,,,,,,,,
E1958,,,,,,,,,,,,
E1959,,,,,,,,,,,,
E1960,,,,,,,,,,,,
E1961,,,,,,,,,,,,
E1962,,,,,,,,,,,,
E1963,,,,,,,,,,,,
E1964,,,,,,,,,,,,
E1965,,,,,,,,,,,,
E1966,,,,,,,,,,,,
E1967,,,,,,,,,,,,
E1968,,,,,,,,,,,,
E1969,,,,,,,,,,,,
E1970,,,,,,,,,,,,
E1971,,,,,,,,,,,,
E1972,,,,,,,,,,,,
E1973,,,,,,,,,,,,
E1974,,,,,,,,,,,,
E1975,,,,,,,,,,,,
E1976,,,,,,,,,,,,
E1977,,,,,,,,,,,,
E1978,,,,,,,,,,,,
E1979,,,,,,,,,,,,
E1980,,,,,,,,,,,,
E1981,,,,,,,,,,,,
E1982,,,,,,,,,,,,
E1983,,,,,,,,,,,,
E1984,,,,,,,,,,,,
E1985,,,,,,,,,,,,
E1986,,,,,,,,,,,,
E1987,,,,,,,,,,,,
E1988,,,,,,,,,,,,
E1989,,,,,,,,,,,,
E1990,,,,,,,,,,,,
E1991,,,,,,,,,,,,
E1992,,,,,,,,,,,,
E1993,,,,,,,,,,,,
E1994,,,,,,,,,,,,
E1995,,,,,,,,,,,,
E1996,,,,,,,,,,,,
E1997,,,,,,,,,,,,
E1998,,,,,,,,,,,,
E1999,,,,,,,,,,,,
E2000,,,,,,,,,,,,
